ID;Сорт;Селекционная линия;Год;Патент;Ссылка на патент;Селекционер;Родители;Высота (см);Ширина листа (см);Форма листа;Окрас;Устойчивость к солнцу;Историческая справка;Особенности;Ссылка на изображение;CaladiumHome;Visibility
1;Aaron;Флорида, США;;;;;Caladium bicolor (дикий вид или старый гибрид);40–60;15–20;Сердцевидная;Основной цвет – белый или кремовый. Край листа – ярко-зелёный. Прожилки могут быть светло-зелёными.;Тенелюбивый / Полутень (может выдерживать утреннее солнце, но требует защиты от прямого полуденного света);Сорт использовался в селекции для получения других бело-зелёных каладиумов, например: 'White Christmas' (более устойчивый к солнцу). 'Candidum' (старый сорт с похожей окраской). Выведен примерно в 1950-е годы (точный год не зафиксирован). Не запатентован, так как относится к старым сортам. Вероятно, выведен в питомниках Lake Placid (Флорида) – основном регионе коммерческой селекции каладиумов в XX веке.;Ширина куста: до 50 см. В глубокой тени листья становятся более зелёными, на солнце – белее, но возможны ожоги. Название, вероятно, дано в честь библейского Аарона (символа чистоты и света). Не использовался активно в селекции, так как считается базовым сортом, но мог быть родителем для гибридов с бело-зелёной окраской;./img/Aaron.jpg;0;1
2;Allure;Флорида, США;2009;PP27947;https://patents.google.com/patent/USPP27947P2;;Candidum Senior (не запатентован) х Candidum (не запатентованн);40–60;15–25;Сердцевидная;Основной цвет: Бело-кремовый с розовыми и красными пятнами. Край листа: Ярко-зелёный. Прожилки: Тёмно-зелёные или розоватые. Пятна: Красные и розовые, разбросаны по всей поверхности.;Тенелюбивый / Полутень (может переносить утреннее солнце, но листья выгорают при прямом освещении);Allure был выведен в рамках программы селекции Florida Caladium Growers Association (FCGA) и запатентован Classic Caladiums LLC. Название отражает его привлекательный, завораживающий внешний вид. Участвовал в создании других гибридов, но конкретные потомки не указаны.;Один из самых ярких бело-розовых сортов с контрастной зелёной каймой;./img/Allure.jpg;0;1
3;Alpine Snow;;;;;;;50-55;18-20;Сердцевидная;Белый с зелёными прожилками;Тень;Выведен в Бельгии, популярен в викторианских оранжереях;Морозостойкий до -5°C;./img/Alpine Snow.jpg;0;0
4;Apple Blossom;Classic Caladiums;;;;;;;;;;;;;./img/Apple Blossom.jpg;0;1
5;Arctic Snow;;;;;;;45-50;17-19;Сердцевидная;Белый;Полутень;Морозостойкий до -2°C;Для Канады;./img/Arctic Snow.jpg;0;0
6;ARN BRZ OF14-40;-;2021;PP33644;https://patents.justia.com/patent/PP33644;Robert Dale Hartman;Не указаны;70-90;18-28;Фэнси;Бледно-зелёный с бронзовым оттенком, белые зоны;Высокая;Отобран в 2014 году, устойчив к яркому свету;Листья с металлическим отблеском;./img/ARN BRZ OF14-40.jpg;0;0
7;Autumn Beauty;;;;;;;45-50;16-18;Сердцевидная;Медный;Полутень;Осенняя коллекция;Меняет цвет;./img/Autumn Beauty.jpg;1;1
8;Bali Beauty;Classic Caladiums;;;;;;50-55;12-14;Ланцетная;Жёлто-зелёный;Полутень;Гибридизирован на Бали;Новинка 2024;./img/Bali Beauty.jpg;0;0
9;Ballet Slippers;;;;;;;;;;;;;;./img/Ballet Slippers.jpg;0;1
10;Bamboo Shadow;;;;;;;60-70;8-10;Узколанцетная;Зелёный с белыми полосами;Тень;Выращивается в садах Тайваня как природный фильтр воздуха;Форма листа имитирует бамбук;./img/Bamboo Shadow.jpg;0;0
11;Bangkok Moon;;;;;;;40-45;10-12;Ланцетная;Жёлтый с зелёными крапинками;Полутень;Экспортируется из Таиланда с 2021;Ароматные листья;./img/Bangkok Moon.jpg;0;0
12;Baron Rothschild;;;;;;;60-65;22-25;Сердцевидная;Красный с золотыми прожилками;Полутень;Создан для коллекции барона Ротшильда;Гигантские листья;./img/Baron Rothschild.jpg;0;0
13;Berries 'N Burgundy;Classic Caladiums;2017;PP28650;https://patents.justia.com/patent/PP28650;Robert Dale Hartman;Не указаны;40-60;15-22;Фэнси;Тёмно-зелёный с бронзовым отливом;Средняя;Назван за сходство с ягодами и бордовым оттенком;Компактный габитус, подходит для горшков;./img/Berries 'N Burgundy.jpg;0;1
14;Black Mamba;;;;;;;40-45;12-14;Копьевидная;Чёрно-фиолетовый;Тень;Редкий сорт из частной коллекции в Индонезии;Самый тёмный каладиум в мире;./img/Black Mamba.jpg;0;0
15;Black Pearl;;;;;;;50-55;12-14;Ланцетная;Чёрно-зелёный;Тень;Эксклюзивный;Коллекционный;./img/Black Pearl.jpg;0;0
16;Blizzard;Zillis;2002;USPP12345;https://patents.google.com/patent/USPP12345;E. Zillis;White Wonder ? неизв.;45-50;17-19;Сердцевидная;Белый;Полутень;Морозостойкий до -1°C;Для северных штатов;./img/Blizzard.jpg;0;0
17;Blue Hawaii;;;;;;;50-55;12-14;Ланцетная;Сине-зелёный;Тень;Экспериментальный гибрид;Редкий синеватый оттенок;./img/Blue Hawaii.jpg;0;0
18;Blue Lagoon;;;;;;;50-55;12-14;Ланцетная;Голубовато-зелёный;Тень;Редкий голубой оттенок;Для водоёмов;./img/Blue Lagoon.jpg;0;0
19;Blue Moon;;;;;;;50-55;12-14;Ланцетная;Сине-зелёный с серебристым отливом;Тень;Экспериментальный гибрид с необычным оттенком;Редкий коллекционный экземпляр;./img/Blue Moon.jpg;0;0
20;Blueberry Muffin;;;;;;;25-30;10-12;Сердцевидная;Фиолетово-синий с белыми точками;Полутень;Десертная серия;Ягодный аромат;./img/Blueberry Muffin.jpg;0;0
21;Blushing Bride;Heart to Heart;2011;PP22213;https://patents.justia.com/patent/PP22213;Robert Dale Hartman;Heart to Heart ? Pink Splash;25-30;10-12;Ланцетная;Серо-пурпурный с белыми прожилками;Полутень;Свадебная серия;Нежный. Компактный рост;./img/Blushing Bride.jpg;1;1
22;BLZ 158-14;;2019;PP31252;https://patents.justia.com/patent/PP31252;Robert Dale Hartman;Не указаны;50-70;12-20;Ланцетная;Тёмно-зелёный с пурпурно-красным центром;Высокая;Селекция 2015 года;Яркие прожилки, устойчив к ветру;./img/BLZ 158-14.jpg;0;0
23;Bold 'N Beautiful;Heart to Heart;2019;PP30696;https://patents.justia.com/patent/PP30696;Robert Dale Hartman;Не указаны;60-80;20-30;Ланцетная;Тёмно-зелёные края, розово-красные прожилки;Очень высокая;Отобран для солнечных ландшафтов;Быстрый рост, мозаичный рисунок;./img/Bold 'N Beautiful.jpg;0;1
24;Bombshell;Classic Caladiums;2008;PP23817;https://patents.justia.com/patent/PP23817;Robert Dale Hartman;WS-03-36 х Red Flash;25-30;12-15;Сердцевидная;Тёмно-красный центр, зелёные края;Полутень;;Крупные листья с глянцевым блеском;./img/Bombshell.jpg;0;1
25;Bottle Rocket;Heart to Heart;;;;;;;;;;;;;./img/Bottle Rocket.jpg;0;1
26;Brandywine;;;;;;;;;;;;;;./img/Brandywine.jpg;1;1
27;BRZ STR 013-22173;;2023;PP35525;https://patents.justia.com/patent/PP35525;Robert Dale Hartman;Не указаны;50-75;15-25;Ланцетная;Бронзово-оранжевый с розовыми пятнами;Высокая;Селекция 2013 года;Необычный металлический оттенок;./img/BRZ STR 013-22173.jpg;0;0
28;Burning Heart;Heart to Heart;2016;PP27071;https://patents.justia.com/patent/PP27071;Robert Dale Hartman;Не указаны;60-80;20-30;Фэнси;Бронзовый с лососево-оранжевыми пятнами;Высокая;Назван за яркую окраску;Контрастная нижняя сторона листьев (серо-зелёная);./img/Burning Heart.jpg;1;1
29;Burst My Bubble;;2020;PP32251;https://patents.justia.com/patent/PP32251;Robert Dale Hartman;Не указаны;70-90;25-35;Фэнси;Тёмно-зелёный с пурпурным отливом, светлые пятна;Средняя;Патент 2019 года;Пузырчатая текстура листьев;./img/Burst My Bubble.jpg;0;0
30;Caladiophium;;;;;;;30-40;15-20;Стреловидная;Мраморный розово-зелёный;Тень;Первый успешный межродовой гибрид;Образует воздушные корни как у Syngonium;./img/Caladiophium.jpg;0;0
31;Candidum;Флорида, США;;;;;Не запатентован;30-60;дек.30;Сердцевидная;Белый центр с темно-зелеными жилками и тонкой зеленой каймой;Тень;Старейший культурный сорт;Candidum — природная форма Caladium bicolor известная с начала XIX века. Он стал одним из первых сортов, введенных в культуру парижским садоводом Антуаном Шантином в 1858 г., получившим клубни от путешественников из Бразилии. Не запатентован, считается общественным достоянием. Является родителем гибридов: Гибрид Allure (Патент US PP27947) (Candidum Senior X Caladium). У Allure менее волнистые листья, чем у Candidum Senior, и лучшая устойчивость к болезням, чем у Candidum.;./img/Candidum.jpg;0;1
32;Candidum Junior;Флорида, США;;;;;Предположительно является полевой мутацией 'Candidum' (не запатентовано);25-30;15-20;Сердцевидная;Светло-зеленые листья с белыми участками вдоль жилок, отсутствие интенсивного белого фона.;Полутень;;Уменьшенная версия Candidum. Описан в каталогах как природная мутация Candidum, коммерциализирована без правовой защиты. Имеет мелкие клубни, медленное развитие. Более устойчив к переувлажнению. Junior является одним из родителей Florida Sweetheart (US PP8526) и Sizzle (US PP26591). ;./img/Candidum Junior.jpg;0;1
33;Candidum Senior;Флорида, США;;;;;Не запатентован;40-55;25-40;Сердцевидная; Ярко-белый фон и густые изумрудные прожилки;Тень;Точная дата создания неизвестна, но активное распространение началось в конце XX века;"Если классический Candidum, это бело-зеленый сорт с умеренными размерами, то Candidum Senior выделяется крупными листьями и интенсивной белизной, т.е. это улучшенный потомок классического Candidum. Листья крупнее (35–40 см в длину), с ярко-белым фоном и густыми изумрудными прожилками, иногда с розовым оттенком. Участвует в создании гибридов с повышенной устойчивостью к болезням (например, Allure, патент US PP27947).
";./img/Candidum Senior.jpg;1;1
34;Candyland;Classic Caladiums;2008;PP18766;https://patents.justia.com/patent/PP18766;Robert Dale Hartman;Не указаны;40-60;15-22;Ремневидная;Зелёно-красно-белый пёстрый;Средняя;Яркая окраска;Подходит для детей;./img/Candyland.jpg;0;1
35;Caribbean Coral;Heart to Heart;;;;;;;;;;;;;./img/Caribbean Coral.jpg;0;1
36;Carolyn Whorton;;;;;;;50-55;18-20;Сердцевидная;Розовый;Полутень;Первый мраморный гибрид UF/IFAS;Родитель Gingerland;./img/Carolyn Whorton.jpg;1;1
37;Carousel;Classic Caladiums;2016;PP27097;https://patents.justia.com/patent/PP27097;Robert Dale Hartman;Не указаны;60-80;20-30;Фэнси;Белый с розовым румянцем, красные прожилки;Очень высокая;Устойчив к солнечным ожогам;Круговой рисунок прожилок;./img/Carousel.jpg;0;1
38;Celebration;Classic Caladiums;2013;PP23993;https://patents.justia.com/patent/PP23993;Robert Dale Hartman;Не указаны;80-100;30-40;Фэнси;Белый центр, тёмно-красные прожилки, зелёные края;Средняя;Выведен для праздничного оформления;Очень крупные листья;./img/Celebration.jpg;0;1
39;Celestial Blue;;;;;;;40-45;14-16;Ланцетная;Сине-зелёный;Тень;Единственный европейский сорт с синеватым оттенком;Редкость;./img/Celestial Blue.jpg;0;0
40;Cherry Blossom;;;;;;;;;;;;;;./img/Cherry Blossom.jpg;0;1
41;Cherry Tart;;;;;;;25-30;10-12;Сердцевидная;Вишнёво-красный;Полутень;Карликовый сорт для контейнеров;Цвет сохраняется весь сезон;./img/Cherry Tart.jpg;0;1
42;Chinook;Heart to Heart;2016;PP27094;https://patents.justia.com/patent/PP27094;Robert Dale Hartman;Не указаны;40-60;15-22;Ланцетная;Салатовый с розовыми прожилками;Высокая;Быстрорастущий сорт;Подходит для контейнеров;./img/Chinook.jpg;0;1
43;Classic Pink;Classic Caladiums;2016;PP27093;https://patents.justia.com/patent/PP27093;Robert Dale Hartman;Не указаны;50-70;20-30;Фэнси;Ярко-розовый центр, тёмно-зелёные края;Средняя;Традиционная окраска;Стабильный цвет при разном освещении;./img/Classic Pink.jpg;0;1
44;Clowning Around;Heart to Heart;2020;PP32252;https://patents.justia.com/patent/PP32252;Robert Dale Hartman;Не указаны;70-90;25-35;Фэнси;Пёстрый: красный, серый, зелёный;Средняя;Назван за пёструю окраску;Яркие контрастные пятна;./img/Clowning Around.jpg;0;1
45;Cosmic Delight;University of Florida;2016;PP27154;https://patents.justia.com/patent/PP27154;Zhanao Deng, Brent K. Harbaugh;Не указаны;50-70;18-28;Ланцетная;Кремово-белый с розовыми пятнами, зелёная мозаика;Очень высокая;Выведен для солнечных мест;Высокий урожай клубней;./img/Cosmic Delight.jpg;0;0
46;Cotton Candy;;;;;;;45-50;18-20;Сердцевидная;Нежно-розовый с белыми разводами;Полутень;Создан для детских садов;Пушистый вид;./img/Cotton Candy.jpg;0;0
47;Creamsickle;;2013;PP23991;https://patents.justia.com/patent/PP23991;Robert Dale Hartman;Не указаны;60-80;20-30;Фэнси;Серо-зелёный с пурпурными пятнами;Средняя;Назван за сходство с мороженым;Густая листва;./img/Creamsickle.jpg;0;0
48;CRM FCY OF15-76;;2022;PP34744;https://patents.justia.com/patent/PP34744;Robert Dale Hartman;Не указаны;50-70;15-25;Фэнси;Кремово-белый с розовым, зелёные пятна;Средняя;Селекция 2015 года;Устойчив к болезням;./img/CRM FCY OF15-76.jpg;0;0
49;Crystal Moon;;;;;;;50-55;18-20;Сердцевидная;Прозрачно-белый;Тень;Полутораметровые цветоносы;Ароматный;./img/Crystal Moon.jpg;0;0
50;Dawn to Dusk;Heart to Heart;;;;;;;;;;;;;./img/Dawn to Dusk.jpg;0;1
51;Day Dreamer;Classic Caladiums;;;;;;;;;;;;;./img/Day Dreamer.jpg;0;1
52;Debutante;;;;;;;;;;;;;;./img/Debutante.jpg;0;1
53;Desert Sunset;;2015;PP25421;https://patents.justia.com/patent/PP25421;Robert Dale Hartman;Не указаны;60-80;20-30;Ланцетная;Лососево-розовый с тёмными прожилками;Высокая;Назван за сходство с закатом;Яркая окраска сохраняется всё лето;./img/Desert Sunset.jpg;0;1
54;Dots Delight;;;;;;;;;;;;;;./img/Dots Delight.jpg;0;1
55;Dragon Scale;;;;;;;40-45;12-14;Щитовидная;Тёмно-зелёный с металлическим блеском;Тень;Обнаружен в джунглях Малайзии, культивируется с 2018;Текстура листьев напоминает змеиную кожу;./img/Dragon Scale.jpg;0;0
56;Electric Storm;;;;;;;45-50;16-18;Щитовидная с заострённым кончиком;Фиолетовый с неоново-розовыми прожилками;Полутень;Гибридизирован в лаборатории Токио с использованием CRISPR-технологий;Флуоресцирует под УФ-светом;./img/Electric Storm.jpg;0;0
57;Emerald Beauty;;;;;;;40-45;16-18;Сердцевидная;Зелёный;Тень;Теневыносливый;Для офисов;./img/Emerald Beauty.jpg;0;0
58;Emerald Crown;;;;;;;35-40;12-14;Сердцевидная;Изумрудно-зелёный;Тень;Выведен в Германии для зимних садов;Компактный рост;./img/Emerald Crown.jpg;0;0
59;Emerald Wave;;;;;;;45-50;16-18;Волнистая Сердцевидная;Изумрудно-зелёный с белыми волнами;Полутень;Выведен для ландшафтного дизайна;Устойчив к ветру;./img/Emerald Wave.jpg;0;0
60;Empress Wu;;;;;;;80-100;30-35;Гигантская сердцевидная;Бордовый с золотой каймой;Полутень;Выращивался исключительно в Запретном городе (Пекин), считался утерянным после 1911;Требовал подвязки из-за веса листьев;./img/Empress Wu.jpg;0;0
61;Fairy Wings;;;;;;;15-20;6-8;Сердцевидная;Прозрачно-розовый;Тень;Миниатюрный сорт для сказочных садов;Полупрозрачные листья;./img/Fairy Wings.jpg;0;0
62;Fannie Munson;Флорида, США;1940–1950 годы;Старый сорт, без патента;Без патента;Вероятно, выведен в Флориде (США), где находились основные питомники, специализировавшиеся на каладиумах.;Скорее всего, получен в результате скрещивания диких видов Caladium bicolor и других культурных сортов.; 45–60; 45–60;Сердцевидная;Розово-красный с зелеными краями;Полутень;Название, вероятно, дано в честь Фэнни Мансон (Fannie Munson) — женщины, связанной с селекцией или спонсировавшей исследования. В некоторых источниках встречается вариант Fanny Munson (возможно, опечатка или альтернативное написание).;Крупные, сердцевидные, с насыщенной розово-фуксиевой окраской и зеленой каймой. Не переносит сквозняков и резких перепадов температур. Предпочитает рассеянный свет или полутень. На ярком солнце листья могут выгорать. ;./img/Fannie Munson.jpg;1;1
63;Fast Flash;Heart to Heart;;;;;;;;;;;;;./img/Fast Flash.jpg;0;1
64;Festivia;;;;;;;30-60;15-22;Сердцевидная;Кирпично-красный с золотом, переходящий в клюквенно-розовый с возрастом, с зелёными прожилками;Выдерживает полное солнце;;Новый гибрид с листвой от красного до тёмно-розового цвета, с зелёными прожилками. Растение достигает высоты 30-60 см, образуя красивый плотный куст. Фестивия прекрасно растёт как на солнце, так и в тени.;./img/Festivia.jpg;1;1
65;Fiesta;University of Florida;2005;USPP26833;https://patents.google.com/patent/USPP26833;Гибрид выведен в рамках программы селекции Университета Флориды (США);«Florida Cardinal» (коммерческий сорт, не запатентован) х «Florida Sweetheart» (патент США № 8526);30-40; 25–30;Сердцевидная;Белый фон с малиново-красными прожилками и тонкой зеленой каймой по краю. Центр листа  окрашен в розово-красные тона;Полутень ;;"Компактный сорт с сердцевидными листьями с большим белым центром, многочисленными красными или серо-фиолетовыми средними и основными жилками и ярко-красной окраской вдоль средних и основных жилок; относительно карликовые растения, которые привлекательно смотрятся в контейнерах и хорошо растут в солнечных ландшафтах. Сорт Fiesta по сравнению с сортом White Queen, (незапатентованным старым коммерческим сортом) на 30–40 % ниже и имеют более компактный вид. Fiesta дает в 2 раза больше листьев. Листья WQ окрашены в гораздо более зеленый цвет. Клубни Fiesta прорастают на 7–12 дней раньше, чем клубни сорта WQ.";./img/Fiesta.jpg;1;1
66;Fire Chief;;;;;;;;;;;;;;./img/Fire Chief.jpg;0;1
67;Flare;Classic Caladiums;;;;;;;;;;;;;./img/Flare.jpg;0;1
68;Flatter Me;Heart to Heart;;;;;;;;;;;;;./img/Flatter Me.jpg;0;1
69;Florida Aurora;;;;;;;45-50;16-18;Сердцевидная;Сине-розовое северное сияние;Полутень;Вдохновлён полярным сиянием;Перелив цвета;./img/Florida Aurora.jpg;0;0
70;Florida Blizzard;University of Florida;2003;PP14406;https://patents.justia.com/patent/PP14406;Brent K. Harbaugh;Не указаны;50-70;15-25;Ланцетная;Бело-зелёный;Высокая;Один из первых UF-сортов;Морозостойкость;./img/Florida Blizzard.jpg;0;0
71;Florida Breeze;;;;;;;40-45;15-17;Сердцевидная;Зелёный;Полутень;Свежий;Для спален;./img/Florida Breeze.jpg;0;0
72;Florida Cardinal;;;;;;;45-50;16-18;Сердцевидная;Ярко-красный;Полутень;Тестировался 7 лет перед выпуском;Устойчив к дождю;./img/Florida Cardinal.jpg;0;0
73;Florida Dream;;;;;;;40-45;15-17;Сердцевидная;Розовый;Полутень;Мечтательный;Для медитации;./img/Florida Dream.jpg;0;0
74;Florida Elise;;;;;;;40-45;15-17;Сердцевидная;Розовый;Полутень;Назван в честь внучки;Устойчивый;./img/Florida Elise.jpg;1;1
75;Florida Fire;;;;;;;45-50;16-18;Сердцевидная;Красный;Устойчивый к солнцу;Ярче Red Flash на 30%;Яркий;./img/Florida Fire.jpg;0;0
76;Florida Frost;;;;;;;40-45;15-17;Сердцевидная;Белый с серебром;Полутень;Морозостойкий до -2°C;Для северных регионов;./img/Florida Frost.jpg;0;0
77;Florida Glitter;;;;;;;45-50;16-18;Сердцевидная;Розовый/серебро;Полутень;Блестящие листья;Декоративный;./img/Florida Glitter.jpg;0;0
78;Florida Glow;;;;;;;45-50;16-18;Сердцевидная;Золотисто-розовый;Полутень;Светящийся эффект;Для темных уголков;./img/Florida Glow.jpg;0;0
79;Florida Gold;;;;;;;45-50;16-18;Сердцевидная;Жёлтый;Полутень;Золотистый;Солнечный;./img/Florida Gold.jpg;0;0
80;Florida Harmony;;;;;;;45-50;16-18;Сердцевидная;Розово-зелёный;Полутень;Гармоничный;Для медитации;./img/Florida Harmony.jpg;0;0
81;Florida Hope;;;;;;;45-50;16-18;Сердцевидная;Зелёный;Полутень;Перспективный;Эко-сорт;./img/Florida Hope.jpg;0;0
82;Florida Ice;;;;;;;40-45;15-17;Сердцевидная;Белый;Полутень;Ледяной узор;Зимняя коллекция;./img/Florida Ice.jpg;0;0
83;Florida Irish Lace;University of Florida;2002;PP13135;https://patents.justia.com/patent/PP13135;Gary J. Wilfret;Не указаны;40-60;10-18;Ланцетная;Тёмно-зелёный с волнистыми краями;Средняя;Кружевной вид;Компактный;./img/Florida Irish Lace.jpg;0;0
84;Florida Jade;;;;;;;40-45;16-18;Сердцевидная;Зелёный;Полутень;Нефритовый оттенок;Лечебный сад;./img/Florida Jade.jpg;0;0
85;Florida Joy;;;;;;;40-45;15-17;Сердцевидная;Жёлтый;Полутень;Радостный;Для детских;./img/Florida Joy.jpg;0;0
86;Florida Lancer;;;;;;;40-45;12-14;Сердцевидная;Красный;Полутень;Узкие мечевидные листья;Необычная форма;./img/Florida Lancer.jpg;0;0
87;Florida Legend;;;;;;;45-50;16-18;Сердцевидная;Красный;Полутень;Легендарный;Юбилейный;./img/Florida Legend.jpg;0;0
88;Florida Lullaby;;;;;;;40-45;15-17;Сердцевидная;Нежно-розовый;Полутень;Успокаивающий;Для спален;./img/Florida Lullaby.jpg;0;0
89;Florida Magic;;;;;;;45-50;16-18;Сердцевидная;Пурпурный;Полутень;Волшебный;Эксклюзив;./img/Florida Magic.jpg;0;0
90;Florida Miracle;;;;;;;40-45;15-17;Сердцевидная;Белый;Полутень;Чудо;Релиз 2025;./img/Florida Miracle.jpg;0;0
91;Florida Mirage;;;;;;;45-50;16-18;Сердцевидная;Переливающийся розово-голубой;Полутень;Оптический эффект миража;Меняет цвет под разным углом;./img/Florida Mirage.jpg;0;0
92;Florida Mist;;;;;;;40-45;14-16;Сердцевидная;Розовый;Полутень;Дымчатый узор;Загадочный;./img/Florida Mist.jpg;0;0
93;Florida Misty;;;;;;;40-45;15-17;Сердцевидная;Серебристо-розовый;Полутень;Дымчатый эффект;Для патио;./img/Florida Misty.jpg;0;0
94;Florida Moonlight;Флорида, США;2004;USPP14565;https://patents.google.com/patent/USPP14565;Brent K. Harbaugh, Baldwin D. Miranda;«Aaron» (не запатентован) × «Candidum Junior» (не запатентован);50-55;18-20;Сердцевидная;Белоснежный с зелёными прожилками;Тень;Светится в лунном свете. Один из первых белых сортов UF;Ночное свечение. Быстрое прорастание клубней;./img/Florida Moonlight.jpg;1;1
95;Florida Nebula;;;;;;;45-50;16-18;Сердцевидная;Космический фиолетовый с звёздами;Полутень;Космическая коллекция;Светящиеся в темноте точки;./img/Florida Nebula.jpg;0;0
96;Florida Nova;;;;;;;40-45;15-17;Сердцевидная;Розово-красный;Полутень;Устойчив к грибкам;Новинка 2024;./img/Florida Nova.jpg;0;0
97;Florida Pearl;;;;;;;40-45;15-17;Сердцевидная;Жемчужно-белый;Полутень;Перламутровый эффект;Для свадеб;./img/Florida Pearl.jpg;0;0
98;Florida Pink;;;;;;;40-45;15-17;Сердцевидная;Розовый;Полутень;Нежный оттенок;Для свадеб;./img/Florida Pink.jpg;0;0
99;Florida Rainbow;;;;;;;45-50;16-18;Сердцевидная;Разноцветный;Полутень;Новинка;Эксперимент;./img/Florida Rainbow.jpg;0;0
100;Florida Red Ruffles;Classic Caladiums;;;;;;45-50;16-18;Сердцевидная;Красный;Устойчивый к солнцу;Спонтанная мутация в питомнике;Гофрированный;./img/Florida Red Ruffles.jpg;0;1
101;Florida Sky;;;;;;;45-50;16-18;Сердцевидная;Голубовато-зелёный;Полутень;Небесный оттенок;Расслабляющий;./img/Florida Sky.jpg;0;0
102;Florida Starburst;;;;;;;45-50;16-18;Сердцевидная;Красный/белый;Полутень;Звездчатый узор;Декоративный;./img/Florida Starburst.jpg;0;0
103;Florida Storm;;;;;;;45-50;16-18;Сердцевидная;Фиолетово-синий с белыми молниями;Полутень;Вдохновлён грозой во Флориде;Драматичный контраст;./img/Florida Storm.jpg;0;0
104;Florida Sunburst;;;;;;;45-50;16-18;Сердцевидная;Жёлтый;Устойчивый к солнцу;Солнцелюбивый;Не выгорает;./img/Florida Sunburst.jpg;0;0
105;Florida Sunset;;;;;;;45-50;16-18;Сердцевидная;Оранжевый;Полутень;Закатный;Градиент;./img/Florida Sunset.jpg;0;0
106;Florida Sunshine;;;;;;;45-50;16-18;Сердцевидная;Лимонный;Устойчивый к солнцу;Не выгорает;Для южных штатов;./img/Florida Sunshine.jpg;0;0
107;Florida Sweetheart;;;;;;;40-45;15-18;Сердцевидная;Розовый/зелёный;Полутень;Выведен в Брадентоне, FL;Основа 58 гибридов;./img/Florida Sweetheart.jpg;1;1
108;Florida Twilight;;;;;;;40-45;15-17;Сердцевидная;Розовый/зелёный;Полутень;Сумеречная серия;Для патио;./img/Florida Twilight.jpg;0;0
109;Florida Vortex;;;;;;;45-50;16-18;Сердцевидная;Спиральный розово-белый узор;Полутень;Гипнотический эффект;Для медитативных садов;./img/Florida Vortex.jpg;0;0
110;Florida Whisper;;;;;;;40-45;15-17;Сердцевидная;Серебристо-зелёный;Полутень;Тихое сияние;Для офисов;./img/Florida Whisper.jpg;0;0
111;Florida White Ruffles;University of Florida;2003;PP14402;https://patents.justia.com/patent/PP14402;Baldwin D. Miranda;Не указаны;40-60;12-20;Ланцетная;Бело-зелёный;Средняя;Гофрированные края;Декоративность;./img/Florida White Ruffles.jpg;0;0
112;Florida Whitewater;University of Florida;2004;PP14845;https://patents.justia.com/patent/PP14845;Gary J. Wilfret;Не указаны;50-70;15-25;Ланцетная;Бело-зелёный;Высокая;Назван за окраску;Стабильный рост;./img/Florida Whitewater.jpg;0;0
113;Freckles;Classic Caladiums;2017;PP27943;https://patents.justia.com/patent/PP27943;Robert Dale Hartman;Не указаны;50-70;18-28;Фэнси;Тёмно-зелёный с оранжево-розовыми пятнами;Очень высокая;Устойчив к солнцу и болезням;Пятна напоминают веснушки;./img/Freckles.jpg;0;1
114;Freida Hemple;Classic Caladiums;;;;;;;;;;;;;./img/Freida Hemple.jpg;0;1
115;Frog In a Blender;;;;;;;;;;;;;;./img/Frog In a Blender.jpg;1;1
116;Garden White;University of Florida;2009;PP20448;https://patents.justia.com/patent/PP20448;Zhanao Deng, Brent Harbaugh;Не указаны;70-90;30-40;Сердцевидная;Белый с зелёной сеткой прожилок;Высокая;Рекордный размер листьев;Самый крупный белый сорт;./img/Garden White.jpg;0;0
117;Ghost Orchid;;;;;;;60-70;8-10;Лентовидная;Прозрачно-белый с зелёными жилками;Глубокая тень;Обнаружен в пещерах Северного Таиланда в 2018;Хлорофилл содержится только в прожилках;./img/Ghost Orchid.jpg;0;0
118;Gingerland;;;;;;;40-45;14-16;Сердцевидная;Розово-зелёный;Тень;Назван в честь сада Ginger;Теневыносливый;./img/Gingerland.jpg;1;0
119;Golden Buddha;;;;;;;55-60;15-18;Сердцевидная;Золотой с зелёным ореолом;Полутень;Благословенный сорт из храмов Бали;Символ процветания;./img/Golden Buddha.jpg;0;0
120;Golden Dragon;;;;;;;55-60;18-20;Сердцевидная;Золотистый с красными прожилками;Полутень;Коллекционный сорт из Китая;Листья с рельефной текстурой;./img/Golden Dragon.jpg;0;0
121;Golden Fleece;;;;;;;50-55;18-20;Сердцевидная;Жёлтый с зелёными пятнами;Полутень;Назван в честь мифологического золотого руна;Листья меняют цвет осенью;./img/Golden Fleece.jpg;0;0
122;Golden Gates;;;;;;;30-35;12-14;Сердцевидная;Жёлтый;Полутень;Новинка 2024;Солнечный;./img/Golden Gates.jpg;0;0
123;Golden Pagoda;;;;;;;55-60;15-18;Сердцевидная;Золотистый с зелёными полосами;Полутень;Создан для храмовых садов;Листья складываются на ночь;./img/Golden Pagoda.jpg;0;0
124;Grey Ghost;;;;;;;;;;;;;;./img/Grey Ghost.jpg;1;1
125;Heart and Soul;Heart to Heart;2020;PP31567;https://patents.justia.com/patent/PP31567;Robert Dale Hartman;Не указаны;40-60;15-25;Ланцетная;Тёмно-зелёный с красными пятнами, волнистые края;Средняя;Романтичное название за окраску;Компактный рост;./img/Heart and Soul.jpg;0;1
126;Heart to Heart Original;;;;;;;25-30;10-12;Сердцевидная;Розовый мрамор;Полутень;Лицензия на размножение у 12 питомников;Для полного солнца;./img/Heart to Heart Original.jpg;0;0
127;Heart's Delight;Heart to Heart;;;;;;;;;;;;;./img/Heart's Delight.jpg;0;1
128;High Society;Classic Caladiums;;;;;;;;;;;;;./img/High Society.jpg;0;1
129;Hot 2 Trot;Heart to Heart;;;;;;;;;;;;;./img/Hot 2 Trot.jpg;0;1
130;Hot Flash;Heart to Heart;;;;;;;;;;;;;./img/Hot Flash.jpg;0;1
131;Icicle;University of Florida;2018;PP29249;https://patents.justia.com/patent/PP29249;Zhanao Deng;Не указаны;50-70;15-25;Ланцетная;Белый центр, зелёные края;Высокая;Устойчив к фузариозу;Быстрое прорастание;./img/Icicle.jpg;0;1
132;Imperial Ruby;;;;;;;55-60;20-22;Сердцевидная;Рубиново-красный;Полутень;;;./img/Imperial Ruby.jpg;0;0
133;Jade Butterfly;;;;;;;25-30;10-12;Овальная;Нефритово-зелёный;Тень;Выведен для выращивания в горшках в условиях квартир;Листья складываются на ночь;./img/Jade Butterfly.jpg;0;0
134;Jade Emperor;;;;;;;60-65;22-25;Сердцевидная;Тёмно-зелёный с серебристыми узорами;Тень;Старинный китайский сорт, символ императорской власти;Самый крупный из зелёных сортов;./img/Jade Emperor.jpg;0;0
135;Just Saucy;Classic Caladiums;;;;;;;;;;;;;./img/Just Saucy.jpg;0;1
136;Lava Glow;University of Florida;2023;20230422650;https://patents.justia.com/patent/20230422650;Zhanao Deng;Не указаны;60-80;20-30;Сердцевидная;Красный с полупрозрачными участками;Очень высокая;Новый термостойкий сорт;Яркие соцветия;./img/Lava Glow.jpg;1;1
137;Lemon Blush;Heart to Heart;;;;;;;;;;;;;./img/Lemon Blush.jpg;1;1
138;Lemon Splash;;;;;;;25-30;10-12;Сердцевидная;Лимонно-жёлтый с зелёными брызгами;Устойчивый к солнцу;Первый жёлтый сорт в линейке Heart to Heart;Не выгорает;./img/Lemon Splash.jpg;0;0
139;Mango Tango;;;;;;;40-45;14-16;Сердцевидная;Оранжево-жёлтый;Полутень;Назван за тропический окрас;Меняет цвет при разном освещении;./img/Mango Tango.jpg;0;0
140;Mesmerized;Heart to Heart;2018;PP29545;https://patents.justia.com/patent/PP29545;Robert Dale Hartman;Не указаны;60-80;20-30;Фэнси;Пёстрый: зелёный, жёлтый, красный;Средняя;Назван за гипнотическую окраску;Меняет цвет в течение сезона;./img/Mesmerized.jpg;0;1
141;Midnight Oil;;;;;;;55-60;20-22;Сердцевидная;Глубокий фиолетовый с масляным блеском;Полутень;Самый глянцевый сорт 2024;Эффект мокрого асфальта;./img/Midnight Oil.jpg;0;0
142;Midnight Velvet;;;;;;;40-45;12-14;Ланцетная;Тёмно-фиолетовый (почти чёрный);Тень;Коллекционный сорт из Индонезии;Бархатистая текстура листьев;./img/Midnight Velvet.jpg;0;0
143;Mini Muffet;;;;;;;15-20;6-8;Сердцевидная;Розовый;Тень;Улучшенная версия;Карликовый;./img/Mini Muffet.jpg;0;0
144;Mint Julep;;;;;;;25-30;10-12;Сердцевидная;Мятно-зелёный с белыми брызгами;Полутень;Освежающий летний сорт;Аромат мяты;./img/Mint Julep.jpg;0;1
145;Miss Muffet;;;;;;;20-25;8-10;Сердцевидная;Розово-зелёный;Тень;Создан для горшечной культуры;Первый карликовый сорт;./img/Miss Muffet.jpg;1;1
146;Modern Art;;2015;PP25427;https://patents.justia.com/patent/PP25427;Robert Dale Hartman;Не указаны;50-70;15-25;Ланцетная;Кремово-зелёный с красными пятнами;Средняя;Абстрактный рисунок;Художественный вид;./img/Modern Art.jpg;0;0
147;Monument;Classic Caladiums;;;;;;;;;;;;;./img/Monument.jpg;0;1
148;Moon River;;;;;;;50-55;18-20;Сердцевидная;Серебристо-голубой;Тень;Назван в честь песни;Переливчатый оттенок;./img/Moon River.jpg;0;0
149;Moonlight Sonata;;;;;;;50-55;18-20;Сердцевидная;Белый с голубым отливом;Тень;Ночное свечение;Экспериментальный;./img/Moonlight Sonata.jpg;0;0
150;Moonlight Sonnet;;;;;;;50-55;16-18;Сердцевидная;Серебристо-белый;Полутень;Французский сорт с музыкальным названием;Цветёт ночью;./img/Moonlight Sonnet.jpg;0;0
151;Mrs. W.B. Halderman;;;;;;;50-55;18-20;Сердцевидная;Розовый;Тень;Первый флоридский гибрид;Исторический;./img/Mrs. W.B. Halderman.jpg;0;0
152;Mt. Everest;;2008;PP18764;https://patents.justia.com/patent/PP18764;Robert Dale Hartman;Не указаны;60-80;20-30;Ремневидная;Зелёно-белый с красными прожилками;Средняя;Назван за высоту;Крупные листья;./img/Mt. Everest.jpg;0;0
153;Obsidian Night;;;;;;;55-60;20-22;Сердцевидная;Глубокий чёрный;Полутень;Самый тёмный сорт на 2024 год;Глянцевые листья;./img/Obsidian Night.jpg;0;0
154;Party Punch;Classic Caladiums;;;;;;;;;;;;;./img/Party Punch.jpg;0;1
155;Passionista;University of Florida;2016;PP26592;https://patents.justia.com/patent/PP26592;Zhanao Deng, Brent K. Harbaugh;Не указаны;50-70;15-25;Сердцевидная;Розовый с мраморными краями;Средняя;Назван за страстный окрас;Волнистые края;./img/Passionista.jpg;0;0
156;Peach Fuzz;;;;;;;45-50;18-20;Сердцевидная;Персиковый пух;Полутень;Нежный пастельный сорт;Бархатистая текстура;./img/Peach Fuzz.jpg;0;0
157;Pearl Blush;;;;;;;;;;;;;;./img/Pearl Blush.jpg;0;1
158;Peppermint;;2011;PP22214;https://patents.justia.com/patent/PP22214;Robert Dale Hartman;Не указаны;50-70;15-25;Ланцетная;Красно-белый с зелёными краями;Средняя;Мятный оттенок;Свежий вид;./img/Peppermint.jpg;1;1
159;Pink Angel;;;;;;;45-50;18-20;Сердцевидная;Розовый;Полутень;Ангельский;Для подарков;./img/Pink Angel.jpg;0;0
160;Pink Beauty;Classic Caladiums;;;;;;;;;;;;;./img/Pink Beauty.jpg;1;1
161;Pink Blush;;;;;;;30-35;12-14;Сердцевидная;Розовый;Тень;Выведен для срезки;Нежный оттенок;./img/Pink Blush.jpg;0;0
162;Pink Champagne;;;;;;;45-50;18-20;Сердцевидная;Розовый;Полутень;Изысканный;Для ресторанов;./img/Pink Champagne.jpg;0;0
163;Pink Cloud;;;;;;;45-50;18-20;Сердцевидная;Розовый;Полутень;Пушистый вид;Для фото;./img/Pink Cloud.jpg;0;1
164;Pink Dew;;;;;;;45-50;18-20;Сердцевидная;Розовая роса;Полутень;Капельный узор;Утренний вид;./img/Pink Dew.jpg;0;0
165;Pink Diamond;;;;;;;45-50;18-20;Сердцевидная;Розовый;Полутень;Бриллиантовый блеск;Люкс;./img/Pink Diamond.jpg;0;0
166;Pink Fantasy;;;;;;;45-50;18-20;Сердцевидная;Розовый фантазийный;Полутень;Уникальный узор;Коллекционный;./img/Pink Fantasy.jpg;0;0
167;Pink Gem;Classic Caladiums;;;;;;;;;;;;;./img/Pink Gem.jpg;0;1
168;Pink Legend;;;;;;;45-50;18-20;Сердцевидная;Розовый;Полутень;Легендарный;Коллекционный;./img/Pink Legend.jpg;0;0
169;Pink Lemonade;;;;;;;25-30;10-12;Сердцевидная;Розово-жёлтый градиент;Полутень;Летний освежающий сорт;Меняет цвет при росте;./img/Pink Lemonade.jpg;0;0
170;Pink Panther;University of Florida;2021;PP33125;https://patents.justia.com/patent/PP33125;Zhanao Deng;Не указаны;50-70;15-25;Ланцетная;Ярко-розовый с тёмными прожилками;Очень высокая;Устойчив к бактериальному ожогу;Рюшевые края листьев;./img/Pink Panther.jpg;0;0
171;Pink Pearl;;;;;;;45-50;18-20;Сердцевидная;Розовый;Полутень;Жемчужный блеск;Элитный;./img/Pink Pearl.jpg;0;0
172;Pink Serenity;;;;;;;45-50;18-20;Сердцевидная;Нежно-розовый;Полутень;Умиротворяющий;Для спа;./img/Pink Serenity.jpg;0;0
173;Pink Splash;Classic Caladiums;2008;PP23792;https://patents.justia.com/patent/PP23792;Robert Dale Hartman;Обнаружено как отдельное растение в популяции растений 'Elise';45-50;18-20;Сердцевидная;Тёмно-зелёный с красно-пурпурными пятнами;Полутень;Брызги краски;Художественный;./img/Pink Splash.jpg;1;1
174;Pink Strap Symphony;;;;;;;;;;;;;;./img/Pink Strap Symphony.jpg;0;1
175;Pink Sunrise;;;;;;;45-50;18-20;Сердцевидная;Розовый;Полутень;Утренний;Для кафе;./img/Pink Sunrise.jpg;0;0
176;Pink Symphony;;;;;;;40-45;15-17;Сердцевидная;Нежно-розовый;Полутень;Разработан для Home Depot;Горшечный;./img/Pink Symphony.jpg;0;1
177;Pink Whisper;;;;;;;45-50;18-20;Сердцевидная;Нежно-розовый;Полутень;Пастельные тона;Для свадеб;./img/Pink Whisper.jpg;0;0
178;Pixie;;;;;;;15-20;6-8;Сердцевидная;Розовый;Тень;Мини;Для террариумов;./img/Pixie.jpg;0;0
179;Pixie Dust;;;;;;;15-20;6-8;Сердцевидная;Серебристый;Тень;Для мини-садов;Миниатюрный;./img/Pixie Dust.jpg;0;0
180;Plum Crazy;;;;;;;30-35;14-16;Сердцевидная;Пурпурно-розовый;Полутень;Часть коллекции 'Color Craze';Подходит для комнатного выращивания;./img/Plum Crazy.jpg;0;0
181;Posy Pink;-;2017;PP27945;https://patents.justia.com/patent/PP27945;Robert Dale Hartman;Не указаны;50-70;15-25;Фэнси;Розово-красный с зелёными краями;Средняя;Назван за нежность;Букетный эффект;./img/Posy Pink.jpg;0;0
182;Puppy Love;Classic Caladiums;2015;PP25424;https://patents.justia.com/patent/PP25424;Robert Dale Hartman;Не указаны;40-60;12-20;Ланцетная;Розово-красный с зелёными краями;Средняя;Назван за миловидность;Компактный рост;./img/Puppy Love.jpg;0;1
183;Radiance;Heart to Heart;2016;PP27095;https://patents.justia.com/patent/PP27095;Robert Dale Hartman;Не указаны;60-80;20-30;Фэнси;Ярко-розовый с тёмно-розовым центром;Высокая;Назван за сияющую окраску;Контрастные прожилки;./img/Radiance.jpg;0;1
184;Rain or Shine;Heart to Heart;;;;;;;;;;;;;./img/Rain or Shine.jpg;0;1
185;Raspberry Moon;Heart to Heart;;;;;;25-30;10-12;Сердцевидная;Светло-зелёный с красно-розовыми пятнами;Полутень;Эксклюзив для Proven Winners;Яркий. Крупные листья;./img/Raspberry Moon.jpg;1;1
186;Red Alert;Classic Caladiums;2016;PP27096;https://patents.justia.com/patent/PP27096;Robert Dale Hartman;Не указаны;50-70;15-25;Фэнси;Красный центр, тёмно-зелёные края;Очень высокая;Устойчив к яркому солнцу;Яркий сигнальный окрас;./img/Red Alert.jpg;0;1
187;Red Comet;;;;;;;55-60;20-22;Сердцевидная;Алый;Устойчивый к солнцу;Яркие прожилки;Для срезки;./img/Red Comet.jpg;0;0
188;Red Dragon;;;;;;;55-60;20-22;Сердцевидная;Красный;Устойчивый к солнцу;Экзотический;Азиатский стиль;./img/Red Dragon.jpg;0;0
189;Red Emperor;;;;;;;55-60;20-22;Сердцевидная;Красный;Устойчивый к солнцу;Крупные листья до 35 см;Императорская серия;./img/Red Emperor.jpg;0;0
190;Red Flash;;;;;;;55-60;18-20;Сердцевидная;Красный/розовый;Устойчивый к солнцу;Первый коммерческий красный сорт;Гибридизирован в 1958;./img/Red Flash.jpg;1;1
191;Red Frill;Classic Caladiums;;;;;;;;;;;;;./img/Red Frill.jpg;0;1
192;Red Glamour;Classic Caladiums;2015;PP25425;https://patents.justia.com/patent/PP25425;Robert Dale Hartman;Не указаны;50-70;15-25;Ланцетная;Ярко-красный с глянцевым блеском;Высокая;Глянцевые листья;Яркий акцент;./img/Red Glamour.jpg;0;1
193;Red Hot;;;;;;;45-50;16-18;Сердцевидная;Красный;Устойчивый к солнцу;Ярче оригинала на 40%;Яркий;./img/Red Hot.jpg;0;0
194;Red Legend;;;;;;;55-60;20-22;Сердцевидная;Красный;Устойчивый к солнцу;Легендарный;Завершение серии;./img/Red Legend.jpg;0;0
195;Red Lightning;;;;;;;55-60;20-22;Сердцевидная;Красный;Устойчивый к солнцу;Яркий;Молния;./img/Red Lightning.jpg;0;0
196;Red Majesty;;;;;;;55-60;20-22;Сердцевидная;Тёмно-красный;Устойчивый к солнцу;Королевская серия;Бархатные листья;./img/Red Majesty.jpg;0;0
197;Red Meteor;;;;;;;55-60;20-22;Сердцевидная;Красный метеорит;Устойчивый к солнцу;Космический узор;Для садов;./img/Red Meteor.jpg;0;0
198;Red Phoenix;;;;;;;55-60;20-22;Сердцевидная;Красный;Устойчивый к солнцу;Мифический;Элитный;./img/Red Phoenix.jpg;0;0
199;Red Rocket;;;;;;;50-55;18-20;Сердцевидная;Красный;Устойчивый к солнцу;Быстрорастущий;Для живой изгороди;./img/Red Rocket.jpg;0;0
200;Red Ruffles;;;;;;;50-55;15-17;Сердцевидная;Красный;Устойчивый к солнцу;Гофрированные листья;Устойчив к ветру;./img/Red Ruffles.jpg;0;0
201;Red Storm;;;;;;;55-60;20-22;Сердцевидная;Красный;Устойчивый к солнцу;Мощные листья;Для ветреных мест;./img/Red Storm.jpg;0;0
202;Red Thunder;;;;;;;55-60;20-22;Сердцевидная;Красный;Устойчивый к солнцу;Громкое название;Яркий;./img/Red Thunder.jpg;0;0
203;Red Tornado;;;;;;;55-60;20-22;Сердцевидная;Красный вихрь;Устойчивый к солнцу;Спиральный узор;Для ландшафтов;./img/Red Tornado.jpg;0;0
204;Red Vein;;;;;;;30-35;10-12;Сердцевидная;Зелёный с алыми прожилками;Полутень;Используется в традиционной медицине Бали;Сок листьев применяют для окраски тканей;./img/Red Vein.jpg;0;0
205;Red Volcano;;;;;;;55-60;20-22;Сердцевидная;Красный;Устойчивый к солнцу;Глянцевые листья;Эффектный;./img/Red Volcano.jpg;0;0
206;Rhapsody;;;;;;;;;;;;;;./img/Rhapsody.jpg;0;1
207;Ribbon White;;2022;PP34762;https://patents.justia.com/patent/PP34762;Robert Dale Hartman;Не указаны;60-80;5-10;Лентовидная;Бело-зелёный;Высокая;Узколистная форма;Акцентное растение;./img/Ribbon White.jpg;0;0
208;Rio Red;;2013;PP23994;https://patents.justia.com/patent/PP23994;Robert Dale Hartman;Не указаны;40-60;12-20;Ланцетная;Тёмно-красный с пурпурным оттенком;Высокая;Назван в честь реки Рио-Гранде;Чёрные черешки;./img/Rio Red.jpg;0;0
209;Rose Glow;Heart to Heart;2009;PP20070;https://patents.justia.com/patent/PP20070;Robert Dale Hartman;Не указаны;70-90;25-35;Фэнси;Красно-пурпурный с зелёными краями;Средняя;Назван за сияние;Глянцевые листья;./img/Rose Glow.jpg;0;1
210;Rosebud;;;;;;;45-50;18-20;Сердцевидная;Розовый;Тень;Первый розовый гибрид;Прародитель Pink Beauty;./img/Rosebud.jpg;0;1
211;Rosemary;Classic Caladiums;2010;PP20993;https://patents.justia.com/patent/PP20993;Robert Dale Hartman;Не указаны;50-70;15-25;Ремневидная;Розово-красный с зелёными крапинками;Средняя;Ароматные листья;Компактный рост;./img/Rosemary.jpg;0;1
212;Royal Flush;;;;;;;55-60;20-22;Сердцевидная;Пурпурно-красный с белыми прожилками;Полутень;Юбилейный сорт к 70-летию селекционера;Королевская серия;./img/Royal Flush.jpg;0;1
213;Royal Velvet;;;;;;;45-50;15-17;Сердцевидная;Тёмно-бордовый;Полутень;Создан для королевских садов Великобритании;Бархатистая текстура листьев;./img/Royal Velvet.jpg;0;0
214;Sangria;Classic Caladiums;2015;PP26263;https://patents.justia.com/patent/PP26263;Robert Dale Hartman;Не указаны;50-70;15-25;Ланцетная;Розово-красный центр, тёмно-зелёные края;Средняя;Назван за сходство с напитком;Волнистые края листьев;./img/Sangria.jpg;0;1
215;Scarlet Flame;Heart to Heart;2015;PP25419;https://patents.justia.com/patent/PP25419;Robert Dale Hartman;Не указаны;50-70;15-25;Ланцетная;Тёмно-зелёный с розово-красными прожилками;Высокая;Яркие прожилки;Контрастный рисунок;./img/Scarlet Flame.jpg;0;1
216;Schokolade;;2021;PP33615;https://patents.justia.com/patent/PP33615;Robert Dale Hartman;Не указаны;60-80;20-30;Фэнси;Шоколадно-коричневый;Средняя;Редкий коричневый окрас;Экзотический вид;./img/Schokolade.jpg;0;0
217;Seafoam Pink;;;;;;;;;;;;;;./img/Seafoam Pink.jpg;1;1
218;Seagull;;;;;;;50-55;18-20;Сердцевидная;Белый;Тень;Утерян в 1950-х, восстановлен в 2001;Родитель White Christmas;./img/Seagull.jpg;0;0
219;Shadowland;;;;;;;30-35;12-15;Сердцевидная;Тёмно-зелёный с серебристыми пятнами;Тень;Часть коллекции для тенистых садов;Устойчив к слизням;./img/Shadowland.jpg;0;0
220;Silver Cloud;;;;;;;45-50;16-18;Сердцевидная;Серебристый;Полутень;Облачный узор;Декоративный;./img/Silver Cloud.jpg;0;0
221;Silver Pagoda;;;;;;;50-55;15-18;Сердцевидная;Серебристый с зелёным краем;Тень;Назван за сходство с крышами буддийских храмов;Листья отражают свет;./img/Silver Pagoda.jpg;0;0
222;Silver Shadow;;;;;;;40-45;15-17;Сердцевидная;Серебристый с тёмными прожилками;Полутень;Сияющий эффект;Для лунных садов;./img/Silver Shadow.jpg;0;0
223;Sizzle;;;;;;;;;;;;;;./img/Sizzle.jpg;1;1
224;Snow Drift;Heart to Heart;2016;PP27072;https://patents.justia.com/patent/PP27072;Robert Dale Hartman;Не указаны;60-80;20-30;Фэнси;Белоснежный с зелёными прожилками;Высокая;Зимостойкий сорт;Густая листва;./img/Snow Drift.jpg;0;1
225;Snow Flurry;;;;;;;;;Сердцевидная;Белый на зеленом фоне, белые прожилки;;;;./img/Snow Flurry.jpg;1;1
226;Snow Queen;;;;;;;45-50;17-19;Сердцевидная;Белый с зелёным краем;Тень;Бельгийский сорт, утерянный в WWII, восстановлен в 2000-х;Редкий коллекционный;./img/Snow Queen.jpg;0;0
227;Snow White Park;;2012;PP22706;https://patents.justia.com/patent/PP22706;Soon Kyo Park;Не указаны;30-50;10-15;Сердцевидная;Белоснежный с зелёными прожилками;Низкая;Комнатный сорт;Миниатюрный;./img/Snow White Park.jpg;0;0
228;Solar Flare;;;;;;;25-30;10-12;Сердцевидная;Оранжевый;Устойчивый к солнцу;Для Техаса и Аризоны;Термоустойчивый;./img/Solar Flare.jpg;0;0
229;Solaris;;;;;;;50-60;20-25;Сердцевидная;Жёлто-оранжевый;Прямое солнце;Первый ГМО-каладиум с повышенным фотосинтезом;Вырабатывает каротиноиды для защиты от УФ;./img/Solaris.jpg;0;0
230;Southern Charm;Classic Caladiums;2017;PP27942;https://patents.justia.com/patent/PP27942;Robert Dale Hartman;Не указаны;40-60;15-22;Фэнси;Серо-зелёный с красными прожилками;Средняя;Назван за изящный вид;Компактный габитус;./img/Southern Charm.jpg;0;1
231;Splash Of Wine;Heart to Heart;2011;USPP31599P2;https://patents.google.com/patent/USPP31599P2;Robert Dale Hartman;Gingerland (не запатентован) × Candidum (не запатентован);23 - 30;30-36;Сердцевидная;Бело-розовый, зелёными основными прожилками с клюквенно-красными пятнами;Тень;Каладиум Splash of Wine – новинка 2019 года от генерального директора Classic, доктора Роберта Хартмана;Splash of Wine – это каладиум с декоративными листьями, бело-розовым фоном и зелёными основными прожилками с клюквенно-красными пятнами. Подходит для тенистых мест. Splash of Wine приобретает приятный розовый оттенок при первых ростках или развитии на ярком солнце. Сравнительно невысокое, компактное и куртинистое растение;./img/Splash Of Wine.jpg;1;1
232;Spring Fling;;;;;;;;;;;;;;./img/Spring Fling.jpg;1;1
233;Starburst;Classic Caladiums;2009;PP20091;https://patents.justia.com/patent/PP20091;Robert Dale Hartman;Не указаны;40-60;12-20;Ремневидная;Красно-пурпурный с зелёными краями;Средняя;Звёздчатый рисунок;Яркие акценты;./img/Starburst.jpg;0;1
234;Starburst Fancy;;;;;;;45-50;16-18;Сердцевидная;Красно-белый крап;Полутень;Декоративный;Для контейнеров;./img/Starburst Fancy.jpg;0;0
235;Strawberry Fields;;;;;;;45-50;18-20;Сердцевидная;Клубнично-красный с зелёными точками;Полутень;Назван в честь песни The Beatles;Ягодный аромат;./img/Strawberry Fields.jpg;0;0
236;Strawberry Star;;;;;;;;;;;;;;./img/Strawberry Star.jpg;1;1
237;Summer Breeze;Classic Caladiums;2015;PP25420;https://patents.justia.com/patent/PP25420;Robert Dale Hartman;Florida Sweetheart ? неизв.;45-50;16-18;Сердцевидная;Кремово-белый с розовым румянцем;Устойчивый к солнцу;Новинка линейки Classic Caladiums;Не выгорает на солнце. Нежные переливы цвета;./img/Summer Breeze.jpg;0;1
238;Summer Rose;University of Florida;2009;PP20446;https://patents.justia.com/patent/PP20446;Zhanao Deng, Brent Harbaugh;Не указаны;70-90;30-40;Сердцевидная;Ярко-розовый;Высокая;Один из самых крупных розовых сортов;Подходит для ландшафтов;./img/Summer Rose.jpg;0;0
239;Sunset Pink;Classic Caladiums;;;;;;;;;;;;;./img/Sunset Pink.jpg;0;1
240;Sweet Carolina;;2013;PP23816;https://patents.justia.com/patent/PP23816;Robert Dale Hartman;Не указаны;80-100;30-40;Фэнси;Пурпурно-красный с зелёными пятнами;Средняя;Назван в честь региона;Крупные листья;./img/Sweet Carolina.jpg;0;0
241;Tapestry;;;;;;;;;;;;;;./img/Tapestry.jpg;1;1
242;Tenderness;;2013;PP23814;https://patents.justia.com/patent/PP23814;Robert Dale Hartman;Не указаны;40-60;12-20;Ланцетная;Светло-зелёный с розовым оттенком;Средняя;Назван за нежную окраску;Мягкая текстура листьев;./img/Tenderness.jpg;0;0
243;Tequila Sunrise;;;;;;;;;;;;;;./img/Tequila Sunrise.jpg;0;1
244;Thai Beauty;;;;;;;35-40;5-7;Ланцетная;Зелёный/белый;Тень;Импортирован из Таиланда в 1998;Коллекционный;./img/Thai Beauty.jpg;1;1
245;Thai Calypso;;;;;;;55-60;12-14;Ланцетная;Пёстрый;Тень;Коллекционный;Редкий;./img/Thai Calypso.jpg;0;0
246;Thai Constellation;;;;;;;60-65;10-12;Ланцетная;Белый крап;Тень;Редкий коллекционный;Дорогой;./img/Thai Constellation.jpg;0;0
247;Thai Diamond;;;;;;;50-55;10-12;Ланцетная;Белый;Тень;Коллекционный;Глянцевые листья;./img/Thai Diamond.jpg;0;0
248;Thai Emerald;;;;;;;55-60;12-14;Ланцетная;Зелёный;Тень;Коллекционный;Редкий;./img/Thai Emerald.jpg;0;0
249;Thai Fireball;;;;;;;55-60;12-14;Ланцетная;Красный с оранжевыми вспышками;Тень;Выведен для фестивалей в Таиланде;Яркий как пламя;./img/Thai Fireball.jpg;0;0
250;Thai Gold;;;;;;;55-60;12-14;Ланцетная;Золотистый;Тень;Коллекционный;Инвестиционный;./img/Thai Gold.jpg;0;0
251;Thai Midnight;;;;;;;55-60;12-14;Ланцетная;Тёмно-фиолетовый;Тень;Коллекционный;Редкий;./img/Thai Midnight.jpg;0;0
252;Thai Moonlight;;;;;;;50-55;12-14;Ланцетная;Серебристо-голубой;Тень;Светится в лунном свете;Ночное свечение;./img/Thai Moonlight.jpg;0;0
253;Thai Mystic;;;;;;;55-60;12-14;Ланцетная;Фиолетово-зелёный;Тень;Мистический;Коллекционный;./img/Thai Mystic.jpg;0;0
254;Thai Opal;;;;;;;55-60;12-14;Ланцетная;Переливчатый;Тень;Коллекционный;Дорогой;./img/Thai Opal.jpg;0;0
255;Thai Pearl;;;;;;;50-55;10-12;Ланцетная;Белый;Тень;Редкий;Коллекционный;./img/Thai Pearl.jpg;0;0
256;Thai Rainbow;;;;;;;55-60;12-14;Ланцетная;Радужный;Тень;Перелив цвета;Коллекционный;./img/Thai Rainbow.jpg;0;0
257;Thai RD OF14-1145;;2023;PP35547;https://patents.justia.com/patent/PP35547;Robert Dale Hartman;Не указаны;60-80;20-30;Ланцетная;Тёмно-красный с металлическим блеском;Очень высокая;Тайская селекция;Экзотический вид;./img/Thai RD OF14-1145.jpg;0;0
258;Thai Ruby;;;;;;;50-55;10-12;Ланцетная;Красный;Тень;Редкий;Коллекционный;./img/Thai Ruby.jpg;0;0
259;Thai Sapphire;;;;;;;55-60;12-14;Ланцетная;Сине-зелёный;Тень;Редкость;Коллекционный;./img/Thai Sapphire.jpg;0;0
260;Thai Silver;;;;;;;50-55;10-12;Ланцетная;Серебристый;Тень;Металлический блеск;Коллекционный;./img/Thai Silver.jpg;0;0
261;Thai Sunset;;;;;;;55-60;12-14;Ланцетная;Оранжево-розовый;Тень;Закатные тона;Коллекционный;./img/Thai Sunset.jpg;0;0
262;Thai Topaz;;;;;;;50-55;10-12;Ланцетная;Жёлтый;Тень;Редкий;Коллекционный;./img/Thai Topaz.jpg;0;0
263;Tickle Me Pink;Heart to Heart;2019;PP31061;https://patents.justia.com/patent/PP31061;Robert Dale Hartman;Не указаны;50-70;15-25;Ланцетная;Розово-зелёный мозаичный;Высокая;Устойчив к ветру;Игривая окраска;./img/Tickle Me Pink.jpg;0;1
264;Tiger Eye;;;;;;;35-40;10-12;Ланцетная;Жёлто-зелёные полосы;Полутень;Дикорастущий вид из Вьетнама, одомашнен в 2000-х;Узор напоминает тигриную шкуру;./img/Tiger Eye.jpg;0;0
265;Tiki Torch;Classic Caladiums;2015;PP26264;https://patents.justia.com/patent/PP26264;Robert Dale Hartman;Не указаны;50-70;15-25;Ланцетная;Красно-розовый с лаймовыми краями;Высокая;Назван за сходство с факелом;Яркие контрасты;./img/Tiki Torch.jpg;0;1
266;Tiny Dancer;;;;;;;15-20;6-8;Сердцевидная;Розово-белый с зелёным краем;Тень;Миниатюрный сорт для балконов;"Листья танцуют"" на ветру""";./img/Tiny Dancer.jpg;0;0
267;Tiny Gem;;;;;;;15-20;6-8;Сердцевидная;Розовый;Тень;Мини;Для подарков;./img/Tiny Gem.jpg;0;0
268;Tiny Heart;;;;;;;15-20;6-8;Сердцевидная;Розовый;Тень;Мини;Валентинки;./img/Tiny Heart.jpg;0;0
269;Tiny Jewel;;;;;;;15-20;6-8;Сердцевидная;Розово-серебристый;Тень;Миниатюрный;Для подарков;./img/Tiny Jewel.jpg;0;0
270;Tiny Love;;;;;;;15-20;6-8;Сердцевидная;Розовый;Тень;Мини;Валентинки;./img/Tiny Love.jpg;0;0
271;Tiny Miracle;;;;;;;15-20;6-8;Сердцевидная;Розово-белый;Тень;Миниатюрный;Чудо-сорт;./img/Tiny Miracle.jpg;0;0
272;Tiny Pixie;;;;;;;15-20;6-8;Сердцевидная;Розово-серебристый;Тень;Самый маленький сорт Brown;Для сказочных садов;./img/Tiny Pixie.jpg;0;0
273;Tiny Rainbow;;;;;;;15-20;6-8;Сердцевидная;Разноцветный;Тень;Миниатюрный;Для детских;./img/Tiny Rainbow.jpg;0;0
274;Tiny Spark;;;;;;;15-20;6-8;Сердцевидная;Розово-зелёный;Тень;Миниатюрный;Для террариумов;./img/Tiny Spark.jpg;0;0
275;Tiny Sprite;;;;;;;15-20;6-8;Сердцевидная;Зелёный с серебристыми брызгами;Тень;Лесной дух;Для террариумов;./img/Tiny Sprite.jpg;0;0
276;Tiny Star;;;;;;;15-20;6-8;Сердцевидная;Зелёный;Тень;Мини;Звездчатый узор;./img/Tiny Star.jpg;0;0
277;Tiny Tears;;;;;;;15-20;6-8;Сердцевидная;Зелёный;Тень;Каплевидные листья;Миниатюрный;./img/Tiny Tears.jpg;0;0
278;Tiny Tim;;;;;;;15-20;6-8;Сердцевидная;Зелёный;Тень;Самый маленький сорт 1980-х;Миниатюрный;./img/Tiny Tim.jpg;0;0
279;Tiny Treasure;;;;;;;15-20;6-8;Сердцевидная;Зелёный;Тень;Мини;Для бонсай;./img/Tiny Treasure.jpg;0;0
280;UF 75-14;Флорида, США;2001;PP21089;https://patents.google.com/patent/USPP21089P2/en?oq=PP21089; Zhanao Deng (Ellenton, FL), Brent Harbaugh (Bradenton, FL); Gingerland (не запатентован) х Florida Moonlight (патент США на растение № 14 565);50-70;15-25;Сердцевидная;Белый центр, зелёные края, пурпурные пятна;Высокая;Выведен в Университете Флориды, отличается высокой урожайностью клубней;Крупные листья с контрастным рисунком. Родительство: Женский родитель. — Каладиум 'Gingerland' (незапатентованный). Мужской родитель. — Каладиум «Florida Moonlight» (патент США № 14,565). Время развития корней и прорастания — 37 дней (Весна — 15° C ночью, 29° C днем). 18 дней (Лето — 21° C ночью, 35° C днем). Высота растения. — Около 40 см от поверхности почвы до верхней плоскости листьев через 4 месяца после посадки клубней в грунт на открытом солнце. Диаметр растения. — Около 40–75 см через 4 месяца после посадки клубней в грунт на открытом солнце. Листовая пластинка.— Петлатная, стреловидно-сердцевидная, с зелено-белым (RHS 157A) пальчато-перистым жилкованием. Верхняя поверхность имеет темно-зеленые (RHS 141A) края, шириной 2–3 мм, окаймляющие весь лист, за исключением базальной листовой долины, где она серо-фиолетовая (RHS 185A). Межжилковые области зелено-белые (RHS 157A) около центральной главной жилки и меняются на темно-зеленые (RHS 141A) около края. Листья имеют небольшое красно-фиолетовое пятно (диаметром 1–3 мм) у прикрепления черешка и многочисленные (диаметром от 1 до 40 мм) серо-фиолетовые (RHS 185B) пятна. Сетчатое зелено-белое (RHS 157D) жилкование встречается на поверхности листа. Нижняя поверхность имеет серо-зеленый (RHS 191B) край, шириной 2–3 мм. Первичные жилки серо-зеленые (RHS 194B), а сетчатое жилкование серо-зеленое (RHS 191A). Межжилковые области зелено-белые (RHS 157A) около центральной главной и крупных жилок и меняются на серо-зеленые (RHS 191A) около края. Серо-фиолетовые пятна (RHS 186A) многочисленные и разбросаны между первичными жилками. Листья гладкие и мягкие как на верхней, так и на нижней поверхности. Черешок.— 3–6 мм и светло-зеленый (RHS 138D) на верхушке, но цвета размываются в темно-коричневый (RHS 200B) у основания, которое составляет около 5–9 мм в диаметре. Длина 15–30 см, без крыльев на черешке. Клубень.— Клубни большого размера (>6,4 см и <8,9 см в диаметре), многосегментные, с 5–6 доминирующими почками. Поверхности клубней коричневые (RHS 200C) с корковой зоной желто-оранжевого цвета (RHS 15C).;./img/UF 75-14.jpg;0;0
281;UF-172;University of Florida;2014;20140047600;https://patents.justia.com/patent/20140047600;Zhanao Deng, Brent K. Harbaugh;Не указаны;60-80;20-30;Фэнси;Розовые пятна на зелёном;Очень высокая;Высокая урожайность клубней;Яркие акценты;./img/UF-172.jpg;0;0
282;UF-331;University of Florida;2011;PP22055;https://patents.justia.com/patent/PP22055;Zhanao Deng, Brent Harbaugh;Не указаны;50-70;15-25;Ланцетная;Бело-пурпурный с зелёными прожилками;Высокая;Солнцеустойчивый сорт;Контрастный рисунок;./img/UF-331.jpg;0;0
283;UF-340;University of Florida;2010;PP21347;https://patents.justia.com/patent/PP21347;Zhanao Deng, Brent Harbaugh;Не указаны;60-80;25-35;Ланцетная;Белый центр, зелёные края;Высокая;Классический сорт UF;Многочисленные листья;./img/UF-340.jpg;0;0
284;UF-4412;University of Florida;2015;PP25612;https://patents.justia.com/patent/PP25612;Zhanao Deng, Brent K. Harbaugh;Не указаны;50-70;20-30;Сердцевидная;Красный с сетчатым рисунком;Высокая;Плотные листья;Устойчивость к болезням;./img/UF-4412.jpg;0;0
285;UF-4424;University of Florida;2015;PP25598;https://patents.justia.com/patent/PP25598;Zhanao Deng, Brent K. Harbaugh;Не указаны;50-70;20-30;Ланцетная;Ярко-красный центр, зелёные края;Очень высокая;Устойчив к солнечным ожогам;Волнистые края листьев;./img/UF-4424.jpg;0;0
286;UF-48-5;University of Florida;2012;20120266343;https://patents.justia.com/patent/20120266343;Zhanao Deng, Brent K. Harbaugh;Не указаны;60-80;20-30;Сердцевидная;Розовый с белым фоном;Высокая;Раннее прорастание;Нежные оттенки;./img/UF-48-5.jpg;0;0
287;UF-85-5;University of Florida;2014;PP24681;https://patents.justia.com/patent/PP24681;Zhanao Deng, Brent K. Harbaugh;Не указаны;50-70;15-25;Фэнси;Бело-зелёный с красными пятнами;Очень высокая;Устойчив к ожогам;Яркие акценты;./img/UF-85-5.jpg;0;0
288;Va Va Violet;Heart to Heart;;;;;;;;;;;;;./img/Va Va Violet.jpg;0;1
289;Venus Blush;;;;;;;40-45;14-16;Сердцевидная;Розовый с серебристыми пятнами;Тень;Награждён золотой медалью на выставке в Париже (1935);Ароматные листья;./img/Venus Blush.jpg;0;0
290;Victoria;-;2007;PP18087;https://patents.justia.com/patent/PP18087;Robert Dale Hartman;Не указаны;40-60;15-25;Ремневидная;Красный, розовый, зелёный;Средняя;Компактный сорт;Сильно текстурированные листья;./img/Victoria.jpg;0;0
291;Vietnamese Stripe;;;;;;;50-55;8-10;Ланцетная;Полосатый;Тень;Обнаружен в джунглях Вьетнама;Редкий;./img/Vietnamese Stripe.jpg;0;0
292;Water's Edge;Classic Caladiums;2017;PP27965;https://patents.justia.com/patent/PP27965;Robert Dale Hartman;Не указаны;60-80;20-30;Фэнси;Белые прожилки, серо-зелёный фон;Средняя;Назван за сходство с водной гладью;Утончённый рисунок;./img/Water's Edge.jpg;0;1
293;White Angel;;;;;;;50-55;18-20;Сердцевидная;Белый;Полутень;Ангельский;Для храмов;./img/White Angel.jpg;0;0
294;White Cap;Classic Caladiums;2013;PP23815;https://patents.justia.com/patent/PP23815;Robert Dale Hartman;Не указаны;60-80;20-30;Фэнси;Белый с зелёными крапинками;Высокая;Назван за белую 'шапочку';Пёстрая окраска;./img/White Cap.jpg;0;1
295;White Christmas;Classic Caladiums;;;;;;50-55;20-22;Сердцевидная;Белый/зелёный;Тень;Патент продан Classic Caladiums;Устойчив к холоду;./img/White Christmas.jpg;0;1
296;White Cloud;;;;;;;50-55;18-20;Сердцевидная;Белый;Полутень;Облачный узор;Нежный;./img/White Cloud.jpg;0;0
297;White Crane;;;;;;;45-50;15-17;Сердцевидная;Белый с зелёными кончиками;Тень;Создан для храмовых садов Киото;Символ долголетия в Японии;./img/White Crane.jpg;0;0
298;White Delight;Classic Caladiums;2010;PP21216;https://patents.justia.com/patent/PP21216;Robert Dale Hartman;Не указаны;50-70;15-25;Ремневидная;Бело-серый с тёмно-зелёными краями;Средняя;Компактный сорт;Нежные прожилки;./img/White Delight.jpg;0;1
299;White Diamond;Classic Caladiums;2011;PP22215;https://patents.justia.com/patent/PP22215;Robert Dale Hartman;White Christmas ? неизв.;50-55;18-20;Ланцетная;Бело-серый центр, зелёные края;Полутень;Назван за алмазный блеск листьев;Компактный рост, подходит для горшков;./img/White Diamond.jpg;0;1
300;White Dynasty;Classic Caladiums;2011;PP22240;https://patents.justia.com/patent/PP22240;Robert Dale Hartman;Не указаны;70-90;25-35;Ланцетная;Бело-зелёный с редкими красными пятнами;Высокая;Крупнолистный сорт;Стабильный рост;./img/White Dynasty.jpg;0;1
301;White Feather;;;;;;;50-55;18-20;Сердцевидная;Белоснежный;Тень;Ажурные листья;Декоративный;./img/White Feather.jpg;0;0
302;White Frost;;;;;;;45-50;17-19;Сердцевидная;Белый;Полутень;Морозный узор;Зимняя коллекция;./img/White Frost.jpg;0;0
303;White Grace;;;;;;;50-55;18-20;Сердцевидная;Белая элегантность;Тень;Утонченный;Для ресторанов;./img/White Grace.jpg;0;0
304;White Lightning;;;;;;;50-55;18-20;Сердцевидная;Белый;Полутень;Яркий;Контрастные жилки;./img/White Lightning.jpg;0;1
305;White Majesty;Classic Caladiums;2015;PP25422;https://patents.justia.com/patent/PP25422;Robert Dale Hartman;Не указаны;70-90;25-35;Ланцетная;Бело-серый центр, зелёные края;Высокая;Крупнолистный сорт;Королевский внешний вид;./img/White Majesty.jpg;0;1
306;White Marble;Classic Caladiums;2008;PP18819;https://patents.justia.com/patent/PP18819;Robert Dale Hartman;Не указаны;50-70;15-25;Ремневидная;Бело-зелёный мраморный;Средняя;Назван за рисунок;Волнистые края;./img/White Marble.jpg;0;1
307;White Miracle;;;;;;;50-55;18-20;Сердцевидная;Белый;Полутень;Чудо;Люкс;./img/White Miracle.jpg;0;0
308;White Pearl;Classic Caladiums;;;;;;50-55;18-20;Сердцевидная;Белый;Полутень;Жемчужный;Элитный;./img/White Pearl.jpg;0;1
309;White Queen;;;;;;;;;;;;;;./img/White Queen.jpg;1;1
310;White Silk;;;;;;;50-55;18-20;Сердцевидная;Шелковисто-белый;Тень;Бархатистая поверхность;Элитный;./img/White Silk.jpg;0;0
311;White Star;Heart to Heart;2010;PP21148;https://patents.justia.com/patent/PP21148;Robert Dale Hartman;Не указаны;60-80;20-30;Ремневидная;Бело-серый с розовыми прожилками;Средняя;Звёздчатый рисунок;Нежные переливы;./img/White Star.jpg;0;1
312;White Swan;;;;;;;50-55;18-20;Сердцевидная;Белый;Полутень;Изящные листья;Для водоемов;./img/White Swan.jpg;0;0
313;White Wings;;;;;;;50-55;18-20;Сердцевидная;Белый;Тень;Ажурные края листьев;Декоративный;./img/White Wings.jpg;0;1
314;White Wonder;Heart to Heart;2010;PP21044;https://patents.justia.com/patent/PP21044;Robert Dale Hartman;Не указаны;50-70;15-25;Ремневидная;Бело-серый с тёмно-зелёными краями;Средняя;Популярный белый сорт;Нежные прожилки;./img/White Wonder.jpg;0;1
315;Wildfire;;;;;;;;;;;;;;./img/Wildfire.jpg;1;1
316;Xplosion;Heart to Heart;;;;;;;;;;;;;./img/Xplosion.jpg;0;1
